{
  "countries": [
    {
      "name": "Argentina",
      "iso2": "AR",
      "V-Dem_polyarchy_index": 0.81,
      "libdem_index": 0.64,
      "ERT_episodes": [
        {
          "type": "democratic erosion",
          "start_year": 2019,
          "end_year": null,
          "description": "Concerns over executive overreach and institutional strain; populist pressures on judiciary."
        }
      ],
      "BTI_governance_score": 6.8,
      "DEED_event_counts": 3,
      "status_indicator": "at risk",
      "recent_events": [
        {
          "year": 2022,
          "event": "Supreme Court independence challenged by executive branch",
          "severity": "medium"
        },
        {
          "year": 2023,
          "event": "Milei elected; emergency economic powers granted amid austerity push",
          "severity": "medium"
        }
      ],
      "polyarchy_trend": [
        {
          "year": 2000,
          "value": 0.8
        },
        {
          "year": 2003,
          "value": 0.81
        },
        {
          "year": 2006,
          "value": 0.83
        },
        {
          "year": 2009,
          "value": 0.84
        },
        {
          "year": 2012,
          "value": 0.85
        },
        {
          "year": 2015,
          "value": 0.86
        },
        {
          "year": 2018,
          "value": 0.83
        },
        {
          "year": 2020,
          "value": 0.82
        },
        {
          "year": 2022,
          "value": 0.81
        },
        {
          "year": 2023,
          "value": 0.81
        }
      ],
      "region": "Latin America"
    },
    {
      "name": "Bolivia",
      "iso2": "BO",
      "V-Dem_polyarchy_index": 0.62,
      "libdem_index": 0.38,
      "ERT_episodes": [
        {
          "type": "autocratization",
          "start_year": 2009,
          "end_year": 2019,
          "description": "Morales government concentrated executive power, packed judiciary, and bypassed term limits."
        },
        {
          "type": "crisis",
          "start_year": 2019,
          "end_year": 2020,
          "description": "Post-election fraud claims led to Morales resignation and contested transitional government."
        }
      ],
      "BTI_governance_score": 5.5,
      "DEED_event_counts": 5,
      "status_indicator": "backsliding",
      "recent_events": [
        {
          "year": 2019,
          "event": "Disputed election results and military-backed ousting of Morales",
          "severity": "high"
        },
        {
          "year": 2021,
          "event": "Arce government arrests opposition figures; rule of law concerns",
          "severity": "medium"
        }
      ],
      "polyarchy_trend": [
        {
          "year": 2000,
          "value": 0.56
        },
        {
          "year": 2003,
          "value": 0.54
        },
        {
          "year": 2006,
          "value": 0.6
        },
        {
          "year": 2009,
          "value": 0.57
        },
        {
          "year": 2012,
          "value": 0.57
        },
        {
          "year": 2015,
          "value": 0.54
        },
        {
          "year": 2018,
          "value": 0.52
        },
        {
          "year": 2020,
          "value": 0.58
        },
        {
          "year": 2022,
          "value": 0.61
        },
        {
          "year": 2023,
          "value": 0.62
        }
      ],
      "region": "Latin America"
    },
    {
      "name": "Brazil",
      "iso2": "BR",
      "V-Dem_polyarchy_index": 0.78,
      "libdem_index": 0.59,
      "ERT_episodes": [
        {
          "type": "autocratization",
          "start_year": 2018,
          "end_year": 2022,
          "description": "Bolsonaro administration attacked courts, media, and electoral institutions; undermined civil liberties."
        }
      ],
      "BTI_governance_score": 7.1,
      "DEED_event_counts": 4,
      "status_indicator": "recovering",
      "recent_events": [
        {
          "year": 2022,
          "event": "Bolsonaro refuses to accept election results; supporters storm Congress and Supreme Court",
          "severity": "high"
        },
        {
          "year": 2023,
          "event": "January 8 rioters prosecuted; democratic resilience demonstrated",
          "severity": "medium"
        }
      ],
      "polyarchy_trend": [
        {
          "year": 2000,
          "value": 0.73
        },
        {
          "year": 2003,
          "value": 0.75
        },
        {
          "year": 2006,
          "value": 0.77
        },
        {
          "year": 2009,
          "value": 0.79
        },
        {
          "year": 2012,
          "value": 0.8
        },
        {
          "year": 2015,
          "value": 0.79
        },
        {
          "year": 2018,
          "value": 0.73
        },
        {
          "year": 2020,
          "value": 0.7
        },
        {
          "year": 2022,
          "value": 0.72
        },
        {
          "year": 2023,
          "value": 0.78
        }
      ],
      "region": "Latin America"
    },
    {
      "name": "Chile",
      "iso2": "CL",
      "V-Dem_polyarchy_index": 0.86,
      "libdem_index": 0.73,
      "ERT_episodes": [],
      "BTI_governance_score": 8.5,
      "DEED_event_counts": 2,
      "status_indicator": "stable",
      "recent_events": [
        {
          "year": 2019,
          "event": "Mass protests over inequality; state of emergency declared",
          "severity": "medium"
        },
        {
          "year": 2022,
          "event": "Constitutional referendum rejected; democratic debate continues",
          "severity": "low"
        }
      ],
      "polyarchy_trend": [
        {
          "year": 2000,
          "value": 0.83
        },
        {
          "year": 2003,
          "value": 0.84
        },
        {
          "year": 2006,
          "value": 0.85
        },
        {
          "year": 2009,
          "value": 0.85
        },
        {
          "year": 2012,
          "value": 0.86
        },
        {
          "year": 2015,
          "value": 0.86
        },
        {
          "year": 2018,
          "value": 0.86
        },
        {
          "year": 2020,
          "value": 0.86
        },
        {
          "year": 2022,
          "value": 0.86
        },
        {
          "year": 2023,
          "value": 0.86
        }
      ],
      "region": "Latin America"
    },
    {
      "name": "Colombia",
      "iso2": "CO",
      "V-Dem_polyarchy_index": 0.67,
      "libdem_index": 0.47,
      "ERT_episodes": [
        {
          "type": "democratic erosion",
          "start_year": 2018,
          "end_year": null,
          "description": "Ongoing violence against civil society leaders; selective rule of law enforcement."
        }
      ],
      "BTI_governance_score": 6.4,
      "DEED_event_counts": 3,
      "status_indicator": "at risk",
      "recent_events": [
        {
          "year": 2021,
          "event": "Security forces respond violently to anti-government protests",
          "severity": "high"
        },
        {
          "year": 2022,
          "event": "First leftist president Petro elected; polarization deepens",
          "severity": "low"
        }
      ],
      "polyarchy_trend": [
        {
          "year": 2000,
          "value": 0.53
        },
        {
          "year": 2003,
          "value": 0.54
        },
        {
          "year": 2006,
          "value": 0.57
        },
        {
          "year": 2009,
          "value": 0.59
        },
        {
          "year": 2012,
          "value": 0.61
        },
        {
          "year": 2015,
          "value": 0.63
        },
        {
          "year": 2018,
          "value": 0.64
        },
        {
          "year": 2020,
          "value": 0.65
        },
        {
          "year": 2022,
          "value": 0.66
        },
        {
          "year": 2023,
          "value": 0.67
        }
      ],
      "region": "Latin America"
    },
    {
      "name": "Costa Rica",
      "iso2": "CR",
      "V-Dem_polyarchy_index": 0.88,
      "libdem_index": 0.78,
      "ERT_episodes": [],
      "BTI_governance_score": 8.3,
      "DEED_event_counts": 1,
      "status_indicator": "stable",
      "recent_events": [
        {
          "year": 2023,
          "event": "Strengthened anti-corruption measures and judicial independence reforms",
          "severity": "low"
        }
      ],
      "polyarchy_trend": [
        {
          "year": 2000,
          "value": 0.87
        },
        {
          "year": 2003,
          "value": 0.87
        },
        {
          "year": 2006,
          "value": 0.88
        },
        {
          "year": 2009,
          "value": 0.88
        },
        {
          "year": 2012,
          "value": 0.88
        },
        {
          "year": 2015,
          "value": 0.88
        },
        {
          "year": 2018,
          "value": 0.88
        },
        {
          "year": 2020,
          "value": 0.88
        },
        {
          "year": 2022,
          "value": 0.88
        },
        {
          "year": 2023,
          "value": 0.88
        }
      ],
      "region": "Latin America"
    },
    {
      "name": "Cuba",
      "iso2": "CU",
      "V-Dem_polyarchy_index": 0.06,
      "libdem_index": 0.02,
      "ERT_episodes": [
        {
          "type": "closed autocracy",
          "start_year": 1959,
          "end_year": null,
          "description": "One-party Communist state with no meaningful electoral competition or independent media."
        }
      ],
      "BTI_governance_score": 2.1,
      "DEED_event_counts": 6,
      "status_indicator": "autocracy",
      "recent_events": [
        {
          "year": 2021,
          "event": "Largest anti-government protests since 1994; hundreds arrested",
          "severity": "high"
        },
        {
          "year": 2022,
          "event": "New constitution approved; opposition candidates barred from running",
          "severity": "high"
        }
      ],
      "polyarchy_trend": [
        {
          "year": 2000,
          "value": 0.06
        },
        {
          "year": 2003,
          "value": 0.06
        },
        {
          "year": 2006,
          "value": 0.06
        },
        {
          "year": 2009,
          "value": 0.06
        },
        {
          "year": 2012,
          "value": 0.06
        },
        {
          "year": 2015,
          "value": 0.06
        },
        {
          "year": 2018,
          "value": 0.06
        },
        {
          "year": 2020,
          "value": 0.06
        },
        {
          "year": 2022,
          "value": 0.06
        },
        {
          "year": 2023,
          "value": 0.06
        }
      ],
      "region": "Latin America"
    },
    {
      "name": "Dominican Republic",
      "iso2": "DO",
      "V-Dem_polyarchy_index": 0.6,
      "libdem_index": 0.42,
      "ERT_episodes": [],
      "BTI_governance_score": 6.2,
      "DEED_event_counts": 2,
      "status_indicator": "at risk",
      "recent_events": [
        {
          "year": 2020,
          "event": "Peaceful transfer of power after disputed 2019 elections",
          "severity": "low"
        },
        {
          "year": 2023,
          "event": "Media freedom concerns; journalists self-censor",
          "severity": "medium"
        }
      ],
      "polyarchy_trend": [
        {
          "year": 2000,
          "value": 0.5
        },
        {
          "year": 2003,
          "value": 0.52
        },
        {
          "year": 2006,
          "value": 0.54
        },
        {
          "year": 2009,
          "value": 0.56
        },
        {
          "year": 2012,
          "value": 0.57
        },
        {
          "year": 2015,
          "value": 0.58
        },
        {
          "year": 2018,
          "value": 0.59
        },
        {
          "year": 2020,
          "value": 0.59
        },
        {
          "year": 2022,
          "value": 0.6
        },
        {
          "year": 2023,
          "value": 0.6
        }
      ],
      "region": "Latin America"
    },
    {
      "name": "Ecuador",
      "iso2": "EC",
      "V-Dem_polyarchy_index": 0.65,
      "libdem_index": 0.44,
      "ERT_episodes": [
        {
          "type": "democratic erosion",
          "start_year": 2007,
          "end_year": 2017,
          "description": "Correa government restricted press, concentrated power, and weakened judiciary independence."
        }
      ],
      "BTI_governance_score": 6.1,
      "DEED_event_counts": 4,
      "status_indicator": "at risk",
      "recent_events": [
        {
          "year": 2023,
          "event": "President Noboa dissolves National Assembly amid political crisis; snap elections held",
          "severity": "high"
        },
        {
          "year": 2023,
          "event": "Presidential candidate Villavicencio assassinated days before election",
          "severity": "high"
        }
      ],
      "polyarchy_trend": [
        {
          "year": 2000,
          "value": 0.61
        },
        {
          "year": 2003,
          "value": 0.62
        },
        {
          "year": 2006,
          "value": 0.6
        },
        {
          "year": 2009,
          "value": 0.57
        },
        {
          "year": 2012,
          "value": 0.56
        },
        {
          "year": 2015,
          "value": 0.55
        },
        {
          "year": 2018,
          "value": 0.61
        },
        {
          "year": 2020,
          "value": 0.63
        },
        {
          "year": 2022,
          "value": 0.64
        },
        {
          "year": 2023,
          "value": 0.65
        }
      ],
      "region": "Latin America"
    },
    {
      "name": "El Salvador",
      "iso2": "SV",
      "V-Dem_polyarchy_index": 0.46,
      "libdem_index": 0.28,
      "ERT_episodes": [
        {
          "type": "autocratization",
          "start_year": 2019,
          "end_year": null,
          "description": "Bukele removed attorney general and judges, declared state of emergency, and expanded executive power without checks."
        }
      ],
      "BTI_governance_score": 5.2,
      "DEED_event_counts": 7,
      "status_indicator": "backsliding",
      "recent_events": [
        {
          "year": 2021,
          "event": "Congress dismisses Supreme Court justices and attorney general on first day of session",
          "severity": "high"
        },
        {
          "year": 2022,
          "event": "State of emergency suspends due process rights; over 50,000 arrested",
          "severity": "high"
        },
        {
          "year": 2024,
          "event": "Bukele re-elected despite constitutional ban on consecutive terms",
          "severity": "high"
        }
      ],
      "polyarchy_trend": [
        {
          "year": 2000,
          "value": 0.6
        },
        {
          "year": 2003,
          "value": 0.62
        },
        {
          "year": 2006,
          "value": 0.64
        },
        {
          "year": 2009,
          "value": 0.65
        },
        {
          "year": 2012,
          "value": 0.66
        },
        {
          "year": 2015,
          "value": 0.67
        },
        {
          "year": 2018,
          "value": 0.66
        },
        {
          "year": 2020,
          "value": 0.57
        },
        {
          "year": 2022,
          "value": 0.5
        },
        {
          "year": 2023,
          "value": 0.46
        }
      ],
      "region": "Latin America"
    },
    {
      "name": "Guatemala",
      "iso2": "GT",
      "V-Dem_polyarchy_index": 0.52,
      "libdem_index": 0.31,
      "ERT_episodes": [
        {
          "type": "autocratization",
          "start_year": 2017,
          "end_year": null,
          "description": "Corrupt elites dismantled anti-corruption commission (CICIG); prosecutors and judges persecuted."
        }
      ],
      "BTI_governance_score": 4.8,
      "DEED_event_counts": 5,
      "status_indicator": "backsliding",
      "recent_events": [
        {
          "year": 2019,
          "event": "Guatemala expels UN anti-corruption commission CICIG",
          "severity": "high"
        },
        {
          "year": 2023,
          "event": "Ar\u00e9valo wins presidency; incumbent government attempts to annul results",
          "severity": "high"
        },
        {
          "year": 2024,
          "event": "Ar\u00e9valo inaugurated after months of legal obstruction by outgoing AG",
          "severity": "medium"
        }
      ],
      "polyarchy_trend": [
        {
          "year": 2000,
          "value": 0.56
        },
        {
          "year": 2003,
          "value": 0.56
        },
        {
          "year": 2006,
          "value": 0.57
        },
        {
          "year": 2009,
          "value": 0.57
        },
        {
          "year": 2012,
          "value": 0.57
        },
        {
          "year": 2015,
          "value": 0.56
        },
        {
          "year": 2018,
          "value": 0.53
        },
        {
          "year": 2020,
          "value": 0.52
        },
        {
          "year": 2022,
          "value": 0.52
        },
        {
          "year": 2023,
          "value": 0.52
        }
      ],
      "region": "Latin America"
    },
    {
      "name": "Honduras",
      "iso2": "HN",
      "V-Dem_polyarchy_index": 0.43,
      "libdem_index": 0.25,
      "ERT_episodes": [
        {
          "type": "autocratization",
          "start_year": 2009,
          "end_year": null,
          "description": "Post-coup environment and Hern\u00e1ndez era marked by judicial capture, drug ties, and electoral manipulation."
        }
      ],
      "BTI_governance_score": 4.5,
      "DEED_event_counts": 6,
      "status_indicator": "backsliding",
      "recent_events": [
        {
          "year": 2017,
          "event": "Contested re-election of Hern\u00e1ndez amid fraud allegations; protests suppressed",
          "severity": "high"
        },
        {
          "year": 2022,
          "event": "Castro elected; Hern\u00e1ndez extradited to US on drug trafficking charges",
          "severity": "medium"
        },
        {
          "year": 2023,
          "event": "Concerns about undue influence of former president Zelaya on current administration",
          "severity": "medium"
        }
      ],
      "polyarchy_trend": [
        {
          "year": 2000,
          "value": 0.57
        },
        {
          "year": 2003,
          "value": 0.57
        },
        {
          "year": 2006,
          "value": 0.57
        },
        {
          "year": 2009,
          "value": 0.48
        },
        {
          "year": 2012,
          "value": 0.47
        },
        {
          "year": 2015,
          "value": 0.46
        },
        {
          "year": 2018,
          "value": 0.43
        },
        {
          "year": 2020,
          "value": 0.43
        },
        {
          "year": 2022,
          "value": 0.43
        },
        {
          "year": 2023,
          "value": 0.43
        }
      ],
      "region": "Latin America"
    },
    {
      "name": "Mexico",
      "iso2": "MX",
      "V-Dem_polyarchy_index": 0.59,
      "libdem_index": 0.39,
      "ERT_episodes": [
        {
          "type": "democratic erosion",
          "start_year": 2018,
          "end_year": null,
          "description": "AMLO and Sheinbaum governments weakened electoral authority, judiciary independence, and civilian oversight of military."
        }
      ],
      "BTI_governance_score": 6.3,
      "DEED_event_counts": 5,
      "status_indicator": "backsliding",
      "recent_events": [
        {
          "year": 2023,
          "event": "Electoral authority (INE) budget slashed; independent leadership removed by Congress",
          "severity": "high"
        },
        {
          "year": 2024,
          "event": "Constitutional reform eliminates judicial independence; judges to be elected by popular vote",
          "severity": "high"
        },
        {
          "year": 2024,
          "event": "Sheinbaum wins with supermajority; military given expanded civilian roles",
          "severity": "medium"
        }
      ],
      "polyarchy_trend": [
        {
          "year": 2000,
          "value": 0.54
        },
        {
          "year": 2003,
          "value": 0.58
        },
        {
          "year": 2006,
          "value": 0.61
        },
        {
          "year": 2009,
          "value": 0.63
        },
        {
          "year": 2012,
          "value": 0.64
        },
        {
          "year": 2015,
          "value": 0.65
        },
        {
          "year": 2018,
          "value": 0.63
        },
        {
          "year": 2020,
          "value": 0.61
        },
        {
          "year": 2022,
          "value": 0.6
        },
        {
          "year": 2023,
          "value": 0.59
        }
      ],
      "region": "Latin America"
    },
    {
      "name": "Nicaragua",
      "iso2": "NI",
      "V-Dem_polyarchy_index": 0.17,
      "libdem_index": 0.07,
      "ERT_episodes": [
        {
          "type": "autocratization",
          "start_year": 2007,
          "end_year": null,
          "description": "Ortega-Murillo consolidation: banned opposition parties, imprisoned candidates, expelled NGOs and clergy."
        }
      ],
      "BTI_governance_score": 2.8,
      "DEED_event_counts": 9,
      "status_indicator": "autocracy",
      "recent_events": [
        {
          "year": 2021,
          "event": "All major opposition presidential candidates arrested before election",
          "severity": "high"
        },
        {
          "year": 2023,
          "event": "Catholic bishop and 222 political prisoners deported to United States",
          "severity": "high"
        },
        {
          "year": 2023,
          "event": "University of Central America shut down; Catholic orders expelled from country",
          "severity": "high"
        }
      ],
      "polyarchy_trend": [
        {
          "year": 2000,
          "value": 0.53
        },
        {
          "year": 2003,
          "value": 0.52
        },
        {
          "year": 2006,
          "value": 0.52
        },
        {
          "year": 2009,
          "value": 0.52
        },
        {
          "year": 2012,
          "value": 0.5
        },
        {
          "year": 2015,
          "value": 0.44
        },
        {
          "year": 2018,
          "value": 0.29
        },
        {
          "year": 2020,
          "value": 0.19
        },
        {
          "year": 2022,
          "value": 0.17
        },
        {
          "year": 2023,
          "value": 0.17
        }
      ],
      "region": "Latin America"
    },
    {
      "name": "Panama",
      "iso2": "PA",
      "V-Dem_polyarchy_index": 0.72,
      "libdem_index": 0.55,
      "ERT_episodes": [],
      "BTI_governance_score": 7.0,
      "DEED_event_counts": 2,
      "status_indicator": "at risk",
      "recent_events": [
        {
          "year": 2023,
          "event": "Mass protests over copper mine contract force government to close mine",
          "severity": "medium"
        },
        {
          "year": 2024,
          "event": "Mulino elected president after Martinelli conviction; democratic norms questioned",
          "severity": "medium"
        }
      ],
      "polyarchy_trend": [
        {
          "year": 2000,
          "value": 0.65
        },
        {
          "year": 2003,
          "value": 0.66
        },
        {
          "year": 2006,
          "value": 0.67
        },
        {
          "year": 2009,
          "value": 0.69
        },
        {
          "year": 2012,
          "value": 0.7
        },
        {
          "year": 2015,
          "value": 0.72
        },
        {
          "year": 2018,
          "value": 0.72
        },
        {
          "year": 2020,
          "value": 0.72
        },
        {
          "year": 2022,
          "value": 0.72
        },
        {
          "year": 2023,
          "value": 0.72
        }
      ],
      "region": "Latin America"
    },
    {
      "name": "Paraguay",
      "iso2": "PY",
      "V-Dem_polyarchy_index": 0.57,
      "libdem_index": 0.36,
      "ERT_episodes": [
        {
          "type": "democratic erosion",
          "start_year": 2012,
          "end_year": null,
          "description": "Colorado Party dominance, endemic corruption, and weak rule of law; controversial presidential removal in 2012."
        }
      ],
      "BTI_governance_score": 5.8,
      "DEED_event_counts": 3,
      "status_indicator": "at risk",
      "recent_events": [
        {
          "year": 2023,
          "event": "Pe\u00f1a elected; Colorado Party retains power amid corruption allegations",
          "severity": "medium"
        },
        {
          "year": 2023,
          "event": "US sanctions ex-president Cartes for corruption and links to Hezbollah",
          "severity": "medium"
        }
      ],
      "polyarchy_trend": [
        {
          "year": 2000,
          "value": 0.62
        },
        {
          "year": 2003,
          "value": 0.6
        },
        {
          "year": 2006,
          "value": 0.61
        },
        {
          "year": 2009,
          "value": 0.61
        },
        {
          "year": 2012,
          "value": 0.57
        },
        {
          "year": 2015,
          "value": 0.58
        },
        {
          "year": 2018,
          "value": 0.57
        },
        {
          "year": 2020,
          "value": 0.57
        },
        {
          "year": 2022,
          "value": 0.57
        },
        {
          "year": 2023,
          "value": 0.57
        }
      ],
      "region": "Latin America"
    },
    {
      "name": "Peru",
      "iso2": "PE",
      "V-Dem_polyarchy_index": 0.6,
      "libdem_index": 0.4,
      "ERT_episodes": [
        {
          "type": "crisis",
          "start_year": 2016,
          "end_year": null,
          "description": "Permanent political crisis: six presidents in five years, executive-legislative standoffs, self-coup attempt in 2022."
        }
      ],
      "BTI_governance_score": 6.3,
      "DEED_event_counts": 6,
      "status_indicator": "backsliding",
      "recent_events": [
        {
          "year": 2022,
          "event": "President Castillo attempts self-coup; arrested hours later and impeached",
          "severity": "high"
        },
        {
          "year": 2023,
          "event": "Boluarte government declares state of emergency; 49 protesters killed",
          "severity": "high"
        },
        {
          "year": 2023,
          "event": "Congress moves to close Constitutional Tribunal; democratic erosion accelerates",
          "severity": "medium"
        }
      ],
      "polyarchy_trend": [
        {
          "year": 2000,
          "value": 0.51
        },
        {
          "year": 2003,
          "value": 0.69
        },
        {
          "year": 2006,
          "value": 0.68
        },
        {
          "year": 2009,
          "value": 0.67
        },
        {
          "year": 2012,
          "value": 0.66
        },
        {
          "year": 2015,
          "value": 0.65
        },
        {
          "year": 2018,
          "value": 0.63
        },
        {
          "year": 2020,
          "value": 0.61
        },
        {
          "year": 2022,
          "value": 0.6
        },
        {
          "year": 2023,
          "value": 0.6
        }
      ],
      "region": "Latin America"
    },
    {
      "name": "Uruguay",
      "iso2": "UY",
      "V-Dem_polyarchy_index": 0.88,
      "libdem_index": 0.79,
      "ERT_episodes": [],
      "BTI_governance_score": 8.9,
      "DEED_event_counts": 1,
      "status_indicator": "stable",
      "recent_events": [
        {
          "year": 2020,
          "event": "First peaceful left-to-right power transfer in 15 years demonstrates democratic consolidation",
          "severity": "low"
        }
      ],
      "polyarchy_trend": [
        {
          "year": 2000,
          "value": 0.86
        },
        {
          "year": 2003,
          "value": 0.87
        },
        {
          "year": 2006,
          "value": 0.87
        },
        {
          "year": 2009,
          "value": 0.88
        },
        {
          "year": 2012,
          "value": 0.88
        },
        {
          "year": 2015,
          "value": 0.88
        },
        {
          "year": 2018,
          "value": 0.88
        },
        {
          "year": 2020,
          "value": 0.88
        },
        {
          "year": 2022,
          "value": 0.88
        },
        {
          "year": 2023,
          "value": 0.88
        }
      ],
      "region": "Latin America"
    },
    {
      "name": "Venezuela",
      "iso2": "VE",
      "V-Dem_polyarchy_index": 0.09,
      "libdem_index": 0.03,
      "ERT_episodes": [
        {
          "type": "autocratization",
          "start_year": 2013,
          "end_year": null,
          "description": "Maduro regime dismantled democratic institutions, jailed opposition, rigged elections, triggered mass emigration of 7+ million."
        }
      ],
      "BTI_governance_score": 1.9,
      "DEED_event_counts": 10,
      "status_indicator": "autocracy",
      "recent_events": [
        {
          "year": 2024,
          "event": "Maduro claims victory in presidential election; opposition produces evidence of widespread fraud",
          "severity": "high"
        },
        {
          "year": 2024,
          "event": "Widespread arrests of opposition members, civil society actors, and election witnesses post-election",
          "severity": "high"
        }
      ],
      "polyarchy_trend": [
        {
          "year": 2000,
          "value": 0.52
        },
        {
          "year": 2003,
          "value": 0.47
        },
        {
          "year": 2006,
          "value": 0.41
        },
        {
          "year": 2009,
          "value": 0.35
        },
        {
          "year": 2012,
          "value": 0.28
        },
        {
          "year": 2015,
          "value": 0.18
        },
        {
          "year": 2018,
          "value": 0.12
        },
        {
          "year": 2020,
          "value": 0.1
        },
        {
          "year": 2022,
          "value": 0.09
        },
        {
          "year": 2023,
          "value": 0.09
        }
      ],
      "region": "Latin America"
    },
    {
      "name": "Hungary",
      "iso2": "HU",
      "region": "Europe",
      "V-Dem_polyarchy_index": 0.42,
      "libdem_index": 0.25,
      "ERT_episodes": [
        {
          "type": "autocratization",
          "start_year": 2010,
          "end_year": null,
          "description": "Orb\u00e1n's Fidesz party dismantled judicial independence, captured media, changed electoral rules, and hollowed out democratic checks over 14+ years."
        }
      ],
      "BTI_governance_score": 5.1,
      "DEED_event_counts": 8,
      "status_indicator": "autocracy",
      "recent_events": [
        {
          "year": 2022,
          "event": "Fidesz wins supermajority again; EU withholds funds over rule-of-law concerns",
          "severity": "high"
        },
        {
          "year": 2023,
          "event": "Parliament passes constitutional amendments further limiting judicial review",
          "severity": "high"
        }
      ],
      "polyarchy_trend": [
        {
          "year": 2000,
          "value": 0.83
        },
        {
          "year": 2003,
          "value": 0.82
        },
        {
          "year": 2006,
          "value": 0.82
        },
        {
          "year": 2009,
          "value": 0.81
        },
        {
          "year": 2012,
          "value": 0.65
        },
        {
          "year": 2015,
          "value": 0.54
        },
        {
          "year": 2018,
          "value": 0.47
        },
        {
          "year": 2020,
          "value": 0.44
        },
        {
          "year": 2022,
          "value": 0.43
        },
        {
          "year": 2023,
          "value": 0.42
        }
      ]
    },
    {
      "name": "Poland",
      "iso2": "PL",
      "region": "Europe",
      "V-Dem_polyarchy_index": 0.76,
      "libdem_index": 0.56,
      "ERT_episodes": [
        {
          "type": "autocratization",
          "start_year": 2015,
          "end_year": 2023,
          "description": "PiS government packed Constitutional Tribunal, restricted judiciary, and curtailed media freedom; reversed by Tusk coalition in 2023."
        }
      ],
      "BTI_governance_score": 7.2,
      "DEED_event_counts": 5,
      "status_indicator": "recovering",
      "recent_events": [
        {
          "year": 2023,
          "event": "Tusk coalition wins elections; begins restoring judicial independence",
          "severity": "low"
        },
        {
          "year": 2024,
          "event": "Government attempts to retake public broadcasting; constitutional standoff with president",
          "severity": "medium"
        }
      ],
      "polyarchy_trend": [
        {
          "year": 2000,
          "value": 0.82
        },
        {
          "year": 2003,
          "value": 0.83
        },
        {
          "year": 2006,
          "value": 0.83
        },
        {
          "year": 2009,
          "value": 0.84
        },
        {
          "year": 2012,
          "value": 0.84
        },
        {
          "year": 2015,
          "value": 0.78
        },
        {
          "year": 2018,
          "value": 0.68
        },
        {
          "year": 2020,
          "value": 0.65
        },
        {
          "year": 2022,
          "value": 0.65
        },
        {
          "year": 2023,
          "value": 0.76
        }
      ]
    },
    {
      "name": "Serbia",
      "iso2": "RS",
      "region": "Europe",
      "V-Dem_polyarchy_index": 0.45,
      "libdem_index": 0.28,
      "ERT_episodes": [
        {
          "type": "autocratization",
          "start_year": 2012,
          "end_year": null,
          "description": "Vucic's SNS consolidated control over media, judiciary, and state resources; opposition boycotted 2020 elections."
        }
      ],
      "BTI_governance_score": 5.5,
      "DEED_event_counts": 5,
      "status_indicator": "backsliding",
      "recent_events": [
        {
          "year": 2023,
          "event": "Mass protests over electoral fraud allegations in December election",
          "severity": "high"
        },
        {
          "year": 2024,
          "event": "Disputed parliamentary results; opposition demonstrators sustain months of protests",
          "severity": "high"
        }
      ],
      "polyarchy_trend": [
        {
          "year": 2000,
          "value": 0.52
        },
        {
          "year": 2003,
          "value": 0.58
        },
        {
          "year": 2006,
          "value": 0.62
        },
        {
          "year": 2009,
          "value": 0.63
        },
        {
          "year": 2012,
          "value": 0.6
        },
        {
          "year": 2015,
          "value": 0.52
        },
        {
          "year": 2018,
          "value": 0.48
        },
        {
          "year": 2020,
          "value": 0.45
        },
        {
          "year": 2022,
          "value": 0.45
        },
        {
          "year": 2023,
          "value": 0.45
        }
      ]
    },
    {
      "name": "Turkey",
      "iso2": "TR",
      "region": "Europe",
      "V-Dem_polyarchy_index": 0.22,
      "libdem_index": 0.12,
      "ERT_episodes": [
        {
          "type": "autocratization",
          "start_year": 2013,
          "end_year": null,
          "description": "Erdo\u011fan dismantled checks and balances, jailed journalists and opponents, and shifted to presidential system after 2016 coup attempt."
        }
      ],
      "BTI_governance_score": 4.2,
      "DEED_event_counts": 9,
      "status_indicator": "autocracy",
      "recent_events": [
        {
          "year": 2023,
          "event": "Erdo\u011fan wins re-election in runoff amid opposition's strongest challenge in two decades",
          "severity": "medium"
        },
        {
          "year": 2024,
          "event": "Opposition CHP wins Istanbul and Ankara mayoral races; first major electoral loss for AKP since 2002",
          "severity": "medium"
        }
      ],
      "polyarchy_trend": [
        {
          "year": 2000,
          "value": 0.52
        },
        {
          "year": 2003,
          "value": 0.57
        },
        {
          "year": 2006,
          "value": 0.58
        },
        {
          "year": 2009,
          "value": 0.58
        },
        {
          "year": 2012,
          "value": 0.52
        },
        {
          "year": 2015,
          "value": 0.4
        },
        {
          "year": 2018,
          "value": 0.28
        },
        {
          "year": 2020,
          "value": 0.24
        },
        {
          "year": 2022,
          "value": 0.22
        },
        {
          "year": 2023,
          "value": 0.22
        }
      ]
    },
    {
      "name": "Georgia",
      "iso2": "GE",
      "region": "Europe",
      "V-Dem_polyarchy_index": 0.5,
      "libdem_index": 0.33,
      "ERT_episodes": [
        {
          "type": "democratic erosion",
          "start_year": 2020,
          "end_year": null,
          "description": "Georgian Dream government increased authoritarian tendencies; passed Russian-style 'foreign agents' law and cracked down on protests."
        }
      ],
      "BTI_governance_score": 5.8,
      "DEED_event_counts": 4,
      "status_indicator": "backsliding",
      "recent_events": [
        {
          "year": 2024,
          "event": "Parliament passes 'foreign influence' law; EU suspends accession talks",
          "severity": "high"
        },
        {
          "year": 2024,
          "event": "Disputed election; weeks of mass pro-EU protests across Tbilisi",
          "severity": "high"
        }
      ],
      "polyarchy_trend": [
        {
          "year": 2000,
          "value": 0.42
        },
        {
          "year": 2003,
          "value": 0.38
        },
        {
          "year": 2006,
          "value": 0.56
        },
        {
          "year": 2009,
          "value": 0.58
        },
        {
          "year": 2012,
          "value": 0.59
        },
        {
          "year": 2015,
          "value": 0.6
        },
        {
          "year": 2018,
          "value": 0.57
        },
        {
          "year": 2020,
          "value": 0.53
        },
        {
          "year": 2022,
          "value": 0.51
        },
        {
          "year": 2023,
          "value": 0.5
        }
      ]
    },
    {
      "name": "Belarus",
      "iso2": "BY",
      "region": "Europe",
      "V-Dem_polyarchy_index": 0.09,
      "libdem_index": 0.04,
      "ERT_episodes": [
        {
          "type": "closed autocracy",
          "start_year": 1994,
          "end_year": null,
          "description": "Lukashenko has ruled without democratic legitimacy since 1994; 2020 election stolen and mass protests violently suppressed."
        }
      ],
      "BTI_governance_score": 2.5,
      "DEED_event_counts": 7,
      "status_indicator": "autocracy",
      "recent_events": [
        {
          "year": 2020,
          "event": "Fraudulent election; 35,000+ arrested during unprecedented mass protests",
          "severity": "high"
        },
        {
          "year": 2022,
          "event": "Belarus used as launchpad for Russian invasion of Ukraine; further isolation",
          "severity": "high"
        }
      ],
      "polyarchy_trend": [
        {
          "year": 2000,
          "value": 0.14
        },
        {
          "year": 2003,
          "value": 0.12
        },
        {
          "year": 2006,
          "value": 0.11
        },
        {
          "year": 2009,
          "value": 0.11
        },
        {
          "year": 2012,
          "value": 0.1
        },
        {
          "year": 2015,
          "value": 0.1
        },
        {
          "year": 2018,
          "value": 0.09
        },
        {
          "year": 2020,
          "value": 0.09
        },
        {
          "year": 2022,
          "value": 0.09
        },
        {
          "year": 2023,
          "value": 0.09
        }
      ]
    },
    {
      "name": "India",
      "iso2": "IN",
      "region": "Asia",
      "V-Dem_polyarchy_index": 0.39,
      "libdem_index": 0.22,
      "ERT_episodes": [
        {
          "type": "autocratization",
          "start_year": 2014,
          "end_year": null,
          "description": "Modi-led BJP government weakened minority rights, press freedom, and judicial independence while using state institutions against opponents."
        }
      ],
      "BTI_governance_score": 5.9,
      "DEED_event_counts": 7,
      "status_indicator": "backsliding",
      "recent_events": [
        {
          "year": 2023,
          "event": "Rahul Gandhi's parliament seat stripped after conviction; opposition leaders arrested",
          "severity": "high"
        },
        {
          "year": 2024,
          "event": "BJP loses supermajority in general election; coalition government formed",
          "severity": "medium"
        }
      ],
      "polyarchy_trend": [
        {
          "year": 2000,
          "value": 0.66
        },
        {
          "year": 2003,
          "value": 0.67
        },
        {
          "year": 2006,
          "value": 0.68
        },
        {
          "year": 2009,
          "value": 0.69
        },
        {
          "year": 2012,
          "value": 0.67
        },
        {
          "year": 2015,
          "value": 0.58
        },
        {
          "year": 2018,
          "value": 0.48
        },
        {
          "year": 2020,
          "value": 0.42
        },
        {
          "year": 2022,
          "value": 0.4
        },
        {
          "year": 2023,
          "value": 0.39
        }
      ]
    },
    {
      "name": "Philippines",
      "iso2": "PH",
      "region": "Asia",
      "V-Dem_polyarchy_index": 0.47,
      "libdem_index": 0.28,
      "ERT_episodes": [
        {
          "type": "autocratization",
          "start_year": 2016,
          "end_year": 2022,
          "description": "Duterte's drug war killed thousands extrajudicially; media outlets shut down, ICC probe launched."
        }
      ],
      "BTI_governance_score": 5.6,
      "DEED_event_counts": 5,
      "status_indicator": "at risk",
      "recent_events": [
        {
          "year": 2022,
          "event": "Marcos Jr. wins presidency in landslide; Duterte-Marcos alliance forms",
          "severity": "medium"
        },
        {
          "year": 2024,
          "event": "Split between Marcos and Sara Duterte; drug war legacy investigated",
          "severity": "medium"
        }
      ],
      "polyarchy_trend": [
        {
          "year": 2000,
          "value": 0.6
        },
        {
          "year": 2003,
          "value": 0.58
        },
        {
          "year": 2006,
          "value": 0.56
        },
        {
          "year": 2009,
          "value": 0.57
        },
        {
          "year": 2012,
          "value": 0.58
        },
        {
          "year": 2015,
          "value": 0.57
        },
        {
          "year": 2018,
          "value": 0.46
        },
        {
          "year": 2020,
          "value": 0.44
        },
        {
          "year": 2022,
          "value": 0.45
        },
        {
          "year": 2023,
          "value": 0.47
        }
      ]
    },
    {
      "name": "Indonesia",
      "iso2": "ID",
      "region": "Asia",
      "V-Dem_polyarchy_index": 0.52,
      "libdem_index": 0.29,
      "ERT_episodes": [
        {
          "type": "democratic erosion",
          "start_year": 2019,
          "end_year": null,
          "description": "Jokowi era saw growing military role in civilian affairs, weakened KPK anti-corruption body, and criminalization of dissent."
        }
      ],
      "BTI_governance_score": 5.8,
      "DEED_event_counts": 4,
      "status_indicator": "at risk",
      "recent_events": [
        {
          "year": 2024,
          "event": "Prabowo wins presidency; dynastic politics as Jokowi's son runs as VP",
          "severity": "medium"
        },
        {
          "year": 2024,
          "event": "Military allowed wider domestic law enforcement role by new law",
          "severity": "medium"
        }
      ],
      "polyarchy_trend": [
        {
          "year": 2000,
          "value": 0.53
        },
        {
          "year": 2003,
          "value": 0.58
        },
        {
          "year": 2006,
          "value": 0.61
        },
        {
          "year": 2009,
          "value": 0.63
        },
        {
          "year": 2012,
          "value": 0.64
        },
        {
          "year": 2015,
          "value": 0.63
        },
        {
          "year": 2018,
          "value": 0.59
        },
        {
          "year": 2020,
          "value": 0.54
        },
        {
          "year": 2022,
          "value": 0.53
        },
        {
          "year": 2023,
          "value": 0.52
        }
      ]
    },
    {
      "name": "Tunisia",
      "iso2": "TN",
      "region": "Africa",
      "V-Dem_polyarchy_index": 0.3,
      "libdem_index": 0.18,
      "ERT_episodes": [
        {
          "type": "democratic erosion",
          "start_year": 2011,
          "end_year": 2021,
          "description": "Post-Arab Spring democratic transition, fragile but functioning."
        },
        {
          "type": "autocratization",
          "start_year": 2021,
          "end_year": null,
          "description": "President Saied suspended parliament in self-coup, rewrote constitution, and concentrated all power in presidency."
        }
      ],
      "BTI_governance_score": 4.2,
      "DEED_event_counts": 6,
      "status_indicator": "backsliding",
      "recent_events": [
        {
          "year": 2022,
          "event": "New constitution approved in low-turnout referendum; checks and balances removed",
          "severity": "high"
        },
        {
          "year": 2023,
          "event": "Opposition leaders imprisoned; journalists arrested for social media posts",
          "severity": "high"
        }
      ],
      "polyarchy_trend": [
        {
          "year": 2000,
          "value": 0.18
        },
        {
          "year": 2003,
          "value": 0.18
        },
        {
          "year": 2006,
          "value": 0.18
        },
        {
          "year": 2009,
          "value": 0.18
        },
        {
          "year": 2012,
          "value": 0.52
        },
        {
          "year": 2015,
          "value": 0.6
        },
        {
          "year": 2018,
          "value": 0.59
        },
        {
          "year": 2020,
          "value": 0.56
        },
        {
          "year": 2022,
          "value": 0.34
        },
        {
          "year": 2023,
          "value": 0.3
        }
      ]
    },
    {
      "name": "South Africa",
      "iso2": "ZA",
      "region": "Africa",
      "V-Dem_polyarchy_index": 0.68,
      "libdem_index": 0.5,
      "ERT_episodes": [
        {
          "type": "democratic erosion",
          "start_year": 2009,
          "end_year": 2018,
          "description": "State capture under Zuma severely weakened institutions; Ramaphosa reforms partially restored governance."
        }
      ],
      "BTI_governance_score": 5.5,
      "DEED_event_counts": 4,
      "status_indicator": "at risk",
      "recent_events": [
        {
          "year": 2024,
          "event": "ANC loses majority for first time since 1994; forms Government of National Unity",
          "severity": "medium"
        },
        {
          "year": 2024,
          "event": "Zuma's MK party surges; former president banned from running for parliament",
          "severity": "medium"
        }
      ],
      "polyarchy_trend": [
        {
          "year": 2000,
          "value": 0.76
        },
        {
          "year": 2003,
          "value": 0.76
        },
        {
          "year": 2006,
          "value": 0.75
        },
        {
          "year": 2009,
          "value": 0.73
        },
        {
          "year": 2012,
          "value": 0.7
        },
        {
          "year": 2015,
          "value": 0.68
        },
        {
          "year": 2018,
          "value": 0.68
        },
        {
          "year": 2020,
          "value": 0.68
        },
        {
          "year": 2022,
          "value": 0.68
        },
        {
          "year": 2023,
          "value": 0.68
        }
      ]
    },
    {
      "name": "Ghana",
      "iso2": "GH",
      "region": "Africa",
      "V-Dem_polyarchy_index": 0.74,
      "libdem_index": 0.55,
      "ERT_episodes": [],
      "BTI_governance_score": 6.8,
      "DEED_event_counts": 2,
      "status_indicator": "stable",
      "recent_events": [
        {
          "year": 2024,
          "event": "Peaceful transfer of power as Mahama defeats Bawumia in presidential election",
          "severity": "low"
        }
      ],
      "polyarchy_trend": [
        {
          "year": 2000,
          "value": 0.65
        },
        {
          "year": 2003,
          "value": 0.67
        },
        {
          "year": 2006,
          "value": 0.68
        },
        {
          "year": 2009,
          "value": 0.7
        },
        {
          "year": 2012,
          "value": 0.72
        },
        {
          "year": 2015,
          "value": 0.73
        },
        {
          "year": 2018,
          "value": 0.74
        },
        {
          "year": 2020,
          "value": 0.74
        },
        {
          "year": 2022,
          "value": 0.74
        },
        {
          "year": 2023,
          "value": 0.74
        }
      ]
    },
    {
      "name": "United States",
      "iso2": "US",
      "region": "North America",
      "V-Dem_polyarchy_index": 0.72,
      "libdem_index": 0.6,
      "ERT_episodes": [
        {
          "type": "democratic erosion",
          "start_year": 2016,
          "end_year": null,
          "description": "Norm erosion, polarization, January 6 Capitol attack, and anti-democratic rhetoric from major political actors raised sustained concerns."
        }
      ],
      "BTI_governance_score": 8.0,
      "DEED_event_counts": 6,
      "status_indicator": "at risk",
      "recent_events": [
        {
          "year": 2021,
          "event": "January 6 Capitol attack; Trump refuses to concede election results",
          "severity": "high"
        },
        {
          "year": 2024,
          "event": "Trump wins presidential election; executive power expansion begins",
          "severity": "high"
        },
        {
          "year": 2025,
          "event": "Mass firings of federal employees; DOGE dismantles oversight agencies",
          "severity": "high"
        }
      ],
      "polyarchy_trend": [
        {
          "year": 2000,
          "value": 0.84
        },
        {
          "year": 2003,
          "value": 0.83
        },
        {
          "year": 2006,
          "value": 0.83
        },
        {
          "year": 2009,
          "value": 0.84
        },
        {
          "year": 2012,
          "value": 0.83
        },
        {
          "year": 2015,
          "value": 0.82
        },
        {
          "year": 2018,
          "value": 0.78
        },
        {
          "year": 2020,
          "value": 0.74
        },
        {
          "year": 2022,
          "value": 0.73
        },
        {
          "year": 2023,
          "value": 0.72
        }
      ]
    },
    {
      "name": "Canada",
      "iso2": "CA",
      "region": "North America",
      "V-Dem_polyarchy_index": 0.88,
      "libdem_index": 0.76,
      "ERT_episodes": [],
      "BTI_governance_score": 9.0,
      "DEED_event_counts": 1,
      "status_indicator": "stable",
      "recent_events": [
        {
          "year": 2025,
          "event": "Trudeau resigns; Mark Carney wins Liberal leadership amid US tariff pressure",
          "severity": "low"
        }
      ],
      "polyarchy_trend": [
        {
          "year": 2000,
          "value": 0.87
        },
        {
          "year": 2003,
          "value": 0.87
        },
        {
          "year": 2006,
          "value": 0.88
        },
        {
          "year": 2009,
          "value": 0.88
        },
        {
          "year": 2012,
          "value": 0.88
        },
        {
          "year": 2015,
          "value": 0.88
        },
        {
          "year": 2018,
          "value": 0.88
        },
        {
          "year": 2020,
          "value": 0.88
        },
        {
          "year": 2022,
          "value": 0.88
        },
        {
          "year": 2023,
          "value": 0.88
        }
      ]
    },
    {
      "name": "Israel",
      "iso2": "IL",
      "region": "Middle East",
      "V-Dem_polyarchy_index": 0.55,
      "libdem_index": 0.4,
      "ERT_episodes": [
        {
          "type": "democratic erosion",
          "start_year": 2022,
          "end_year": null,
          "description": "Netanyahu's judicial overhaul legislation sought to strip Supreme Court of power to review government actions."
        }
      ],
      "BTI_governance_score": 7.2,
      "DEED_event_counts": 4,
      "status_indicator": "at risk",
      "recent_events": [
        {
          "year": 2023,
          "event": "Mass protests against judicial reform; reserve soldiers refuse service",
          "severity": "high"
        },
        {
          "year": 2024,
          "event": "Gaza war overshadows domestic governance crisis; ICC arrest warrant issued for Netanyahu",
          "severity": "high"
        }
      ],
      "polyarchy_trend": [
        {
          "year": 2000,
          "value": 0.65
        },
        {
          "year": 2003,
          "value": 0.66
        },
        {
          "year": 2006,
          "value": 0.67
        },
        {
          "year": 2009,
          "value": 0.67
        },
        {
          "year": 2012,
          "value": 0.67
        },
        {
          "year": 2015,
          "value": 0.66
        },
        {
          "year": 2018,
          "value": 0.63
        },
        {
          "year": 2020,
          "value": 0.6
        },
        {
          "year": 2022,
          "value": 0.57
        },
        {
          "year": 2023,
          "value": 0.55
        }
      ]
    }
  ]
}